Hacinebi;Tiladir Tepe
Hacinebi;Tell Mozan
Tiladir Tepe;Sheikh Hassan
Sheikh Hassan;Tell Feres
Tell Feres;Grai Resh
Tell Feres;Tell Brak
Tell Feres;Tell Ramadi
Sheikh Hassan;Tell Brak
Sheikh Hassan;Tell Ramadi
Tell Brak;Tell Mozan
Tell Mozan;Tell Hamoukar
Tell Mozan;Hacinebi
Tell Ramadi;Tell Brak
Tell Ramadi;Abu Salabikh
Tell Ramadi;Jemdet Zabi
Jemdet Zabi;Abu Salabikh
Jemdet Zabi;HOC.573
Tell Ramadi;Tell Khathale
Tell Ramadi;Yorgan Tepe
Tell Ramadi;HOC.573
Tell Ramadi;Nineveh
Tell Hamoukar;Tell Rashied
Tell Rashied;NJP.89
Tell Rashied;NJP.75
NJP.89;NJP.84
NJP.75;NJP.84
NJP.84;Nineveh
Grai Resh;Nineveh
Nineveh;Tepe Gawra
Nineveh;Tell Kamuna
Nineveh;Qalinj Agha
Qalinj Agha;Gird Lashkir
Gird Lashkir;Logardan
Gird Lashkir;Mewe Cave
Qalinj Agha;Surezha
Nineveh;HOC.573
Nineveh;Yorgan Tepe
Logardan;Girdi Qala
Girdi Qala;Kani Shaie
Kani Shaie;Shakar Tepe
Shakar Tepe;Gird-i Shamlu
Shakar Tepe;Tepe Garmasi
Kani Shaie;Tepe Garmasi
Tepe Garmasi;Tenel Ramon
Tenel Ramon;Tepe Chakali
Tepe Chakali;Sagarab
Tenel Ramon;Tepe Farukhabad
Tepe Farukhabad;Chagha Sefid
Chagha Sefid;DL61
Chagha Sefid;Aliabad
DL61;DL43
DL43;KH286
KH286;KH099
KH286;KH022
KH286;Susa
Susa;KH034
Susa;Ur
Susa;Tulul al-Baqarat
Tulul al-Baqarat;HOC.573
KH034;Abu Fanduweh
Abu Fanduweh;KH064
Abu Fanduweh;Tal i-Ghazir
KH064;Tepe Rahimeh
Tepe Rahimeh;KH266
Tepe Rahimeh;KH006
KH006;KH284
KH266;KH006
KH266;KH153
Tal i-Ghazir;Tal e-Abbas
Tal i-Ghazir;Ishan al Yamalah
Ishan al Yamalah;Qaleh Kohneh
Qaleh Kohneh;Qaleh Sedif
Qaleh Kohneh;Tall-e Gapo Cham
Ishan Abu Sharr Galleh;Tall-e Gapo Cham
Ishan Abu Sharr Galleh;Qaleh Sedif
Ishan Abu Sharr Galleh;Tal e-Abbas
Tall-e Gapo Cham;RH.077D
Tal e-Abbas;Qaleh Sedif
Tal e-Abbas;Qaleh Kohneh
Tal e-Abbas;Ishan Abu Sharr Galleh
Eridu;UR.036
UR.036;Uruk
Uruk;Ur
Uruk;UC.329
Uruk;UC.330
UC.329;Tell Mismar
Tell Mismar;UC.103
UC.103;UC.022
UC.103;Abu Howansiduh
Abu Howansiduh;Ishan Bayt
Ishan Bayt;Tell Khathale
Tell Khathale;Abu Salabikh
Tell Khathale;Nineveh
Tell Khathale;HOC.573
UC.460;UC.409
UC.409;UC.297
UC.297;AKK.264
AKK.264;AKK.261
AKK.261;UC.262
AKK.261;AKK.259
UC.330;UC.410
UC.410;UC.318
UC.410;UC.317
UC.317;UC.262
UC.318;UC.262
UC.262;AKK.259
AKK.259;UC.163
UC.163;UC.124
UC.163;UC.218
UC.163;UC.129
UC.163;UC.120
UC.124;UC.119
UC.119;UC.118
UC.118;UC.155
UC.155;UC.161
UC.163;UC.215
UC.215;UC.201
UC.201;UC.181
UC.181;UC.123
UC.123;UC.129
UC.129;UC.120
UC.120;UC.124
UC.124;UC.119
UC.119;UC.118
UC.118;UC.155
UC.155;UC.161
UC.124;UC.120
UC.124;UC.215
UC.215;UC.120
UC.215;UC.129
UC.215;UC.218
UC.120;UC.181
UC.181;UC.201
UC.181;UC.123
UC.181;UC.178
UC.181;UC.129
UC.181;UC.179
UC.179;UC.178
UC.178;UC.167
UC.178;Abu Jarabie
UC.178;UC.209
UC.178;UC.237
UC.167;HOC.1451
UC.167;Abu Jarabie
Abu Jarabie;Said Mohammad
Said Mohammad;Umma/Jokha
UC.167;UC.209
UC.167;UC.237
UC.237;UC.370
UC.370;UC.380
UC.380;UC.402
Umma/Jokha;Umm al-Aqarib
UC.209;UC.237
UC.209;Umm al-Ajjaj
Umm al-Ajjaj;Qal'a Maltis
UC.083;UC.047
UC.024;UC.047
UC.024;UC.023
UC.023;Koshe
Koshe;Tell Barghasha
Tell Barghasha;HOC.1416
HOC.1416;HOC.1451
HOC.1416;HOC.1247
HOC.1247;HOC.1230
HOC.1247;HOC.1172
HOC.1247;HOC.1178
HOC.1247;HOC.1180
HOC.1230;Tell Dlehim
HOC.1230;Nippur
HOC.1230;HOC.912
HOC.1230;HOC.980
HOC.1230;HOC.964
Nippur;Abu Salabikh
Nippur;Tell Dlehim
Nippur;HOC.952
HOC.952;HOC.912
HOC.952;HOC.964
HOC.964;HOC.980
HOC.980;HOC.981
HOC.981;HOC.982
HOC.982;HOC.1046
HOC.982;HOC.977
HOC.977;HOC.976
HOC.976;HOC.975
HOC.975;HOC.939
HOC.939;HOC.936
HOC.939;HOC.935
HOC.936;HOC.743
HOC.935;HOC.743
HOC.936;HOC.765
HOC.935;HOC.765
HOC.743;HOC.722
HOC.765;HOC.722
HOC.1247;HOC.1172
HOC.1205;HOC.1172
HOC.1172;HOC.1129
HOC.1129;HOC.1070
HOC.1070;HOC.1124
HOC.1070;HOC.1046
HOC.1070;HOC.1170
HOC.1070;HOC.1169
HOC.1169;Tell Rubahiyat al-Torra
HOC.1170;Tell Rubahiyat al-Torra
Tell Rubahiyat al-Torra;HOC.1137
HOC.1174;HOC.1178
HOC.1178;HOC.1180
HOC.1180;Dowayhis
Dowayhis;HOC.1294
Dowayhis;HOC.1304
Dowayhis;HOC.1312
HOC.1312;HOC.1434
HOC.1434;HOC.1428
HOC.1428;HOC.1440
HOC.1440;HOC.1465
HOC.1465;HOC.1471
HOC.1465;HOC.1460
HOC.1471;UC.034
HOC.1460;UC.034
UC.034;UC.171
UC.171;Girsu
HOC.1432;Hayyad al-'Awi
HOC.1437;Hayyad al-'Awi
Hayyad al-'Awi;HOC.1316
HOC.1316;HOC.1294
HOC.1316;HOC.1304
HOC.1316;HOC.1284
HOC.1284;Tell al-Hayyad
HOC.1294;HOC.1284
HOC.1294;HOC.1278
HOC.1304;HOC.1278
HOC.1294;HOC.1210
HOC.1304;HOC.1210
HOC.1210;HOC.1271
HOC.1278;HOC.1271
HOC.1210;HOC.1208
HOC.1278;HOC.1208
HOC.1271;HOC.1199
HOC.1208;HOC.1199
HOC.1199;HOC.1198
HOC.1198;HOC.1195
HOC.1198;HOC.1159
HOC.1195;HOC.1196
HOC.1159;HOC.1194
HOC.1194;HOC.1304
HOC.1194;HOC.1294
HOC.1159;HOC.1195
HOC.1195;HOC.1196
HOC.1159;HOC.1198
HOC.1159;HOC.1205
HOC.1205;HOC.1199
HOC.1159;HOC.1118
HOC.1118;HOC.1100
HOC.1118;HOC.1114
HOC.1100;HOC.1112
HOC.1114;HOC.1112
HOC.1112;HOC.1113
HOC.1113;HOC.1020
HOC.1020;HOC.1024
HOC.1166;HOC.1164
HOC.1164;Tell Hamayama
Tell Hamayama;HOC.1115
HOC.1115;HOC.1072
HOC.1072;Tell Dalmaj
HOC.1024;HOC.845
HOC.940;HOC.975
HOC.940;HOC.939
HOC.845;HOC.837
HOC.845;HOC.804
HOC.845;HOC.792
HOC.845;HOC.832
HOC.837;HOC.835
HOC.835;HOC.824
HOC.824;Tell al-Arsan
Tell al-Arsan;HOC.829
HOC.829;HOC.831
HOC.831;HOC.832
HOC.824;HOC.804
HOC.824;HOC.792
HOC.824;HOC.781
HOC.824;HOC.744
HOC.781;HOC.740
HOC.744;HOC.740
HOC.740;HOC.677
HOC.677;HOC.573