site;lat;long
Abu 'Obayyah al-saghir;33.3102589;44.617019
Abu Boga;31.7607986;45.5165533
Abu Bott;31.6183439;45.7658126
Abu Chizan;31.66551;49.167924
Abu Dhaba;33.17624;44.206882
Abu Dhahir;36.837031;42.493505
Abu Fanduweh;32.094284;48.316373
Abu Farah;36.533279;41.372777
Abu Ghara;45.4629561;31.8648861
Abu Howansiduh;31.7749479;45.3810955
Abu Ilba;31.4776078;45.7365472
Abu Jarabie;31.686468;45.858781
Abu Rasain;33.3273372;45.0649302
Abu Salabikh;32.252253;45.053296
Ahmad al-Hattu;34.34846;45.002768
Akarcay Hoyuk;36.9168135;38.016355
AKK.221;31.5129;45.76967
AKK.259;31.48976;45.72824
AKK.261;31.4709;45.72081
AKK.264;31.45976;45.72281
Aktash Höyük;36.994108;37.958234
Aktash Hoyuk;36.994108;37.958234
al-‘Abuda;36.854966;41.983686
al-'Asayla;36.833218;36.833218
al-Andalus;36.372488;41.365231
al-Botha;36.72214;42.25251
al-Madina;36.729556;40.621749
al-Masiha;36.837318;41.99208
Aliabad;32.541145;47.334321
Almalik Tepe;37.4831977;38.3331552
Altin Tepe;38.614059;39.52221
Aq Tepe;34.1679217;45.1034687
Arbat;36.992101;41.305443
Arikok Hoyuk;37.409272;38.440604
Arisman;33.651773;51.976623
Arslantepe;38.381894;38.36103
Asagi Hamili Harabesi;37.742153;38.678008
Awena;36.34025;43.414651
Bab-w-Kur;36.16341;44.89781
Bahceler Mevkii Kortepe;38.637061;39.465733
Bark Awa;35.221501;45.940183
Bakr Awa;35.221501;45.940183
Ban Qala;35.36713881;45.38792871
Bardiya 8;36.818206;42.491592
Basmusian;36.161574;44.924287
Basorin Höyük;37.151794;42.344294
Basorin Hoyuk;37.151794;42.344294
Başur Höyük;37.97998;41.77896
Bayaz Kaya Mevkii;37.456178;38.488434
Bayazeh Kabira;36.971226;41.553169
Beyaz Kaya Mevkii;37.456178;38.488434
BIAA 30;37.5344013;38.3317795
BIAA 47;37.602583;38.2654464
BIAA 59;37.64294202;38.24771553
Birecik Hoyuk;37.483399;38.400178
BKS124;36.714315;41.083139
BKS76;36.650207;41.126625
Boy Tepe;38.607275;39.530927
Bozova Huyuk;37.35833;38.53033
Boztarla;37.49486;38.421316
BS1;35.94133;39.05367
BS183;36.211669;38.987787
BS265;36.31951;39.003838
BS35;36.082777;39.063284
BS55;35.944899;38.982639
BS96;35.930087;38.80991
BS99;35.871642;38.732053
Bugga Ishan;32.130381;48.440314
Burj Bazazi;32.06761;48.69926
Caferkoy Harabesi;38.406293;38.717663
Cakiltepe;38.583279;39.366716
Catal Höyük;36.297652;36.545391
Çatal Höyük;36.297652;36.545391
Cattepe;37.7166681;41.7833384
Cavi Tarlasi;37.750702;38.9647
Cay Boyu;38.886665;38.951264
Chagar Bazar;36.875593;40.897709
Chagha Sefid;32.572607;47.32133
Chebab al-Nar;32.6184391;44.8294025
Chogha Kabira;32.199409;48.523609
Chogha Mish;32.2231149;48.554634
Choga Mish;32.2231149;48.554634
Chogha Chanbar;31.957565;48.947259
Chogha Pahn;32.229088;48.613231
Chogha Pahwandeh;32.184568;48.684929
Choukhrech Faouqani;36.951433;40.79527
Choukhrech Tahtani;36.937499;40.80001
Coba Hoyuk;37.201279;36.905854
Cumcume Hoyuk;37.483697;38.447553
Dava Goz;38.490278;45.032222
Degirmen Tepe;38.472975;38.457533
Değirmentepe;38.450684;38.458645
Demirtepe;37.620408;38.660228
DL43;32.506291;47.443306
DL61;32.544944;47.340921
Dogir / Dougird;37.03489;41.494511
Dowayhis;32.05994;45.52072
Duluk;37.15;37.366667
Dutderesi Mevkii;37.600685;38.393109
Dwanza Imam;35.254477;45.922766
Ebadat;31.565609;49.197051
EHS.A006;37.00992;42.41869
EHS.A025;36.84611;42.54136
EHS.A027;36.98554;42.49945
EHS.A030;36.76534;42.71736
EHS.B011;36.9162;42.73031
EHS.B012;36.92458;42.73336
EHS.B013;36.92154;42.72574
EHS.B028;36.94287;42.72955
EHS.B055;36.87277;42.73184
EHS.B134;36.92839;42.83775
EHS.B147;36.99087;42.72727
EHS.B151;37.00459;42.56498
EHS.B163;37.04649;42.54745
EHS.B193;36.82706;42.69908
EHS.B199;36.78744;42.72422
EHS.B203;36.88801;42.69831
EHS.B205;36.85144;42.66936
EHS.B209;36.88496;42.62441
EHS.B223;36.92535;42.52536
EHS.B259;36.80344;42.6945
EHS.B261;36.80496;42.74174
EHS.B269;36.83315;42.5825
EHS.B281;36.9543;42.60688
EHS.B290;36.92687;42.52536
EHS.B299;36.98706;42.53145
EHS.B308;36.80953;42.69222
EHS.B310;37.05182;42.62288
EHS.C064;37.07392;43.01527
EHS.C085;37.13335;42.68384
EHS.C096;37.17602;42.60612
EHS.C104;37.13792;42.59241
EHS.C108;37.17145;42.81946
EHS.C114;37.15164;42.71584
El-Hajj;36.19494;38.07699
El-Kowm2;35.192029;38.858099
Eridu;30.8168556;45.9963265
Fadgami;35.911859;40.870738
Fatmali-Kalecik;38.8499856;38.9333189
Gavurtepe;37.57203;38.280013
Ghafqiya;37.030092;41.882058
Ghazal;36.492215;40.393086
Gir Dahul;36.799695;40.64698
Gir e-Gomel;36.592365;43.481194
Gir Matbakh;36.873932;42.514232
Gir Zil Saghir;36.782383;41.050892
Gird i-Ashoan;36.666314;45.224499
Gird Lashkir;36.181885;44.132154
Gird-i Qulkhurd;35.301591;45.927479
Gird-i Saraw;35.324518;45.832614
Gird-i Shatwan;35.299678;45.8502
Girda Resh;35.384542;45.606107
Girdi Gozka;36.068276;43.964751
Girdi Qala;35.516417;44.883592
Girki Agni;37.6356119;38.7670553
Girsu;31.558474;46.177579
Godin Tepe;34.518418;48.068398
Goktepe;38.933701;39.59977
Grai Resh;36.318135;41.919068
Gre Gavuran;36.648489;38.042727
Gre Kustian;36.767761;38.085236
Gre Migro;37.990998;41.157227
Grik Tepe;37.712144;38.882493
Gritille;37.566259;38.570432
GRSS.31;37.553289;38.548113
GRSS.32;37.563345;38.515223
GRSS.6;37.579622;38.589203
Guir Hissar;36.940272;40.881456
Guir Khaled;36.9996761;40.9308821
Gulusanbaba Tepesi;38.641495;39.473649
Gurga Chiya;35.213496;45.921196
Habuba Kabira+Tell Qannas;36.150164;38.060824
Hacinebi;37.0596;37.975217
Haft Tepe;32.080566;48.328083
Hallan Harabesi;37.692045;38.704596
Hama;35.135899;36.749498
Hammam et-Turkman;36.482535;39.056983
Hanibrahimshah;38.844714;39.074404
Harabe 1;36.901693;38.026587
Haroglu Tarlasi;38.492312;38.472854
Hassek Höyük;37.747943;38.921802
Hassek Hoyuk;37.747943;38.921802
Hayaz Höyük;37.490584;38.344418
Hayaz Hoyuk;37.490584;38.344418
Hayyad al-'Awi;32.00622;45.70258
Hirbik Mevkii;37.712842;38.918434
HOC.1019;32.2097934;45.3685424
HOC.1020;32.1985216;45.3542761
HOC.1024;32.1942464;45.3247453
HOC.1031;32.1856421;45.3323913
HOC.1034;32.1775503;45.3445649
HOC.1046;32.1628469;45.341722
HOC.1069;32.1357366;45.3756056
HOC.1070;32.1234056;45.4008085
HOC.1072;32.1780504;45.4169052
HOC.1100;32.2073674;45.4725799
HOC.1112;32.1780504;45.4169052
HOC.1113;32.2064021;45.4027021
HOC.1114;32.2073674;45.4725799
HOC.1115;32.2106793;45.5110012
HOC.1118;32.1793944;45.5016462
HOC.1124;32.1200799;45.4169052
HOC.1129;32.0987215;45.4027021
HOC.1131;32.1561531;45.4475105
HOC.1137;32.1458639;45.4725799
HOC.1154;32.1624581;45.5126523
HOC.1159;32.1487995;45.5359952
HOC.1163;32.1678612;45.5739821
HOC.1164;32.1496863;45.6181584
HOC.1165;32.15209;45.62468
HOC.1166;32.14169;45.6307
HOC.1169;32.1521566;45.4242428
HOC.1170;32.1521566;45.4242428
HOC.1172;32.0908715;45.4242428
HOC.1174;32.100628;45.4492668
HOC.1178;32.0930841;45.4546921
HOC.1180;32.08737;45.47658
HOC.1194;32.1181223;45.5580277
HOC.1195;32.1240163;45.5621229
HOC.1196;32.1056919;45.6305317
HOC.1197;32.1167345;45.486872
HOC.1198;32.1204763;45.6316436
HOC.1199;32.1081065;45.6481924
HOC.1205;32.1093;45.62446
HOC.1208;32.0895469;45.6481924
HOC.1210;32.0576588;45.6321197
HOC.1216;32.0391989;45.7010583
HOC.1230;32.0528;45.40901
HOC.1247;32.0238392;45.486872
HOC.1261;32.0665503;45.6316436
HOC.1271;32.0895469;45.6481924
HOC.1278;32.0576588;45.6321197
HOC.1284;32.0391989;45.7010583
HOC.1294;32.046983;45.5929117
HOC.1304;32.046983;45.5929117
HOC.1312;32.0123987;45.5929117
HOC.1315;32.0026445;45.651889
HOC.1316;32.0050678;45.6653015
HOC.1353;31.93197;45.42574
HOC.1355;31.9234079;45.4254282
HOC.1375;31.8047929;45.2821484
HOC.1394;31.7792925;45.4502763
HOC.1416;31.9454061;45.5691123
HOC.1428;31.9827988;45.6517342
HOC.1432;31.9464479;45.7868164
HOC.1434;31.9464479;45.7868164
HOC.1437;31.9464479;45.7868164
HOC.1440;31.9371124;45.6968121
HOC.1448;31.9220254;45.6289976
HOC.1451;31.8701948;45.7272713
HOC.1460;31.8571714;45.7868164
HOC.1465;31.8701948;45.7272713
HOC.1471;31.8571714;45.7868164
HOC.1615;31.4880868;45.3912259
HOC.539;32.4109984;45.1327107
HOC.573;32.4431126;45.1470314
HOC.574;32.4392607;45.1451899
HOC.655;32.3463629;45.0696915
HOC.667;32.3716655;45.1819287
HOC.677;32.3522295;45.2051388
HOC.678;32.343762;45.2044206
HOC.722;32.3014442;45.1622023
HOC.737;32.3295515;45.2229783
HOC.738;32.3168553;45.204018
HOC.740;32.3109967;45.2575884
HOC.743;32.2484173;45.204018
HOC.744;32.3071461;45.2575884
HOC.745;32.3211237;45.2458707
HOC.765;32.2484173;45.204018
HOC.781;32.3071461;45.2575884
HOC.782;32.3053946;45.2903637
HOC.786;32.291066;45.2718131
HOC.790;32.2801371;45.2411881
HOC.792;32.275505;45.2676607
HOC.793;32.2721482;45.2891103
HOC.804;32.2638025;45.2689177
HOC.805;32.2656628;45.2793857
HOC.824;32.3045764;45.3232707
HOC.829;32.2952349;45.3792905
HOC.831;32.2866342;45.3746974
HOC.832;32.2826327;45.3760536
HOC.835;32.2836521;45.323606
HOC.837;32.2723231;45.3173387
HOC.838;32.2701497;45.3187151
HOC.845;32.2494791;45.3243885
HOC.912;32.224657;45.1941893
HOC.935;32.2233659;45.2384878
HOC.936;32.2202367;45.2355353
HOC.937;32.2178539;45.231627
HOC.939;32.2172636;45.2534466
HOC.940;32.2227663;45.2805244
HOC.952;32.1787395;45.2122388
HOC.964;32.178357;45.2384853
HOC.975;32.19449;45.3044315
HOC.976;32.1958606;45.3100731
HOC.977;32.1903943;45.3131753
HOC.980;32.1839696;45.2777787
HOC.981;32.184158;45.2838361
HOC.982;32.1720543;45.2993982
Horum Höyük;37.10038;37.86661
Horum Hoyuk;37.10038;37.86661
Imamoglu Hoyuk;38.47561;38.442796
Imikusagi;38.506598;38.439455
Ishan Abu Diyyayyat;32.161577;48.492286
Ishan Abu Hayan;31.9714008;45.3748414
Ishan Abu Jasib;32.3089061;44.9929979
Ishan Abu Sharr Galleh;31.1568961;49.6034709
Ishan al Mhammar;31.6754315;45.6500932
Ishan al Yamalah;31.2362666;49.4502793
Ishan Bayt;31.755881;45.335746
Ishan Jokha;31.9626671;45.3722837
Ishan Rud;32.136521;48.296612
Ishan Slay' al-Jamir;32.7923979;44.561601
Ivik Tepe;38.76668;38.94969
JAA.06;36.61952783;39.84744328
Jebel Aruda;36.234305;38.098659
Jeifin;36.725296;41.12073
Jemdet Gumrah;32.6317939;44.604101
Jemdet Nasr;32.7181927;44.7799128
Jerablus;36.81906;38.010925
Kabir Höyük;37.071488;38.016625
Kafer Najed;35.8167;36.5833
Kale Höyük;37.114724;38.12798
Kalecik;38.8591704;38.9299758
Kalecikler;38.923337;38.748885
Kalemeydani Hoyuk;37.24390451;37.86256912
Kamarian;36.091908;44.940005
Kani Shaie;35.33285;45.103484
Karababa Harabesi;38.655721;38.376762
Karacanlık;36.33479308;36.37285983
Karadut Mevkii;37.569677;38.576901
Karkemish;36.828916;38.016226
Karmitli Hoyuk;37.476749;38.367377
Kasanet Sabeh;32.05524;48.349879
Kazanci;38.602262;39.390324
Kefri Höyük;37.015252;37.960681
Kefri Hoyuk;37.015252;37.960681
Kelusk Hoyuk;37.696387;38.821387
Kenan Tepe;37.83057;40.813337
Kh. Karkush the first;36.62269996;42.95906595
Kh. Sulaiman;36.75775023;42.73249609
KH005;32.154156;48.49078
KH006;32.144429;48.501266
KH015;32.31369;48.24684
KH22;32.260437;48.256548
KH022;32.260437;48.256548
KH032;32.122492;48.293794
KH034;32.147762;48.293592
KH035;32.16502;48.30914
KH040;32.1961;48.45503
KH044S;32.167212;48.426115
KH045;32.159113;48.438329
KH052;32.139785;48.273286
KH054;32.090536;48.368471
KH061;32.124745;48.336785
KH064;32.1215;48.39042
KH076;32.07548;48.42811
KH089;32.05021;48.33606
KH093;32.08672;48.29109
KH094;32.0686;48.2973
KH099;32.438471;48.374961
KH102;32.223349;48.614806
KH121;32.05345;48.55621
KH153;32.26415;48.76347
KH171;32.17091;48.81995
KH173;32.20463;48.80963
KH218;32.011328;48.721743
KH266;32.185928;48.48578
KH284;32.112778;48.528916
KH285;32.13242;48.37309
KH286;32.248267;48.22961
KH288;32.40039;48.41872
KH289;32.21864;48.44134
KH290;32.184727;48.530355
Khafajeh;33.355662;44.555562
Khanijdal;36.67735;42.26121
Kharab al-'Id;36.94909;41.33486
Khazne;36.71814;40.66273
Khirbat ‘Ali;36.821282;42.002294
Khirbat ‘Asaylan;36.766912;42.002848
Khirbat al-‘Abd;36.79182;41.993905
Khirbat al-Batta;36.863117;41.966205
Khirbat Awa’id;36.798055;41.964454
Khirbat Barjis;36.778564;41.911937
Khirbat Melhem;36.76348;41.930216
Khirbat Taif;36.767041;41.900031
Khirbet al Fakhar;36.796965;41.954664
Khirbet Baguda;36.661949;42.108506
Khirbet Gar Sur;36.739269;42.406352
Khirbet Meshreq;36.404118;38.190737
Khodr;36.433259;41.261127
KHS.1;37.473038;38.402026
KHS.11;37.486709;38.431249
KHS.15;37.479717;38.464471
KHS.20;37.465132;38.441132
KHS.25;37.482634;38.456026
KHS.39;37.441864;38.505564
KHS.41;37.453557;38.488452
KHS.42;37.448216;38.481535
KHS.44;37.360885;38.529362
Kilise Tepe;38.639516;39.496359
Kirasa Tepesi;38.4805217;38.5047408
Kirmizi Ok Tarlasi;36.94017694;38.00096792
KIS.032;32.6921369;44.5832668
KIS.098;32.636291;44.8191654
Kolfelek Tarlasi;37.101114;37.876035
Komecli Tepe;36.902531;38.006823
Konk;38.606478;39.416769
Kortepe 1;38.642478;39.520693
Kortepe 2;38.640165;39.518954
Kortepe 3;38.619672;39.388631
Korucutepe;38.636976;39.532689
Koshe;31.824042;45.6134057
Kreyn;35.861231;38.43761
Kul Tepe;38.838;45.658
Kum Ocagi;36.869585;38.025207
Kurban Höyük;37.482835;38.427758
Kurban Hoyuk;37.482835;38.427758
Kurucahöyük;37.00809;38.013071
Kurucayir Tepesi;38.603995;39.43508
Kusakuyu Höyügu;37.12183;38.221621
Kutha;32.7605648;44.6114504
KV.H1;34.592507;47.860482
KV.K52;34.455475;48.055783
KV.V3;34.540819;48.09257
Larsa;31.282894;45.853303
LBB.433;33.3209063;44.5899455
LBB.441;33.3060237;44.5886206
LBB.465;33.2554691;44.6116698
LBB.534;33.3113054;45.0838596
LBB.568;33.2020656;44.604997
LBB.599;33.1953381;44.7187968
LBB.634;33.2422285;44.9665354
LBB.851;32.8339506;45.3440387
LCP.10;36.72620482;37.97120667
LCP.25;36.63586471;37.93123878
LCP.3;36.77683135;37.95479652
LCP.38;36.63311057;37.99669849
LCP.47;36.73143483;37.7791466
LCP.5;36.78709972;37.98113866
LCP.50;36.72249797;37.82187969
LCP.53;36.80216587;37.95745359
LCP.55;36.79220577;37.91146654
LCP.60;36.74631514;37.89184004
LCP.65;36.74345432;37.85596038
LCP.71;36.77449701;37.88440779
LCP.78;36.76520984;37.93105117
lemdet Ubaid;32.7100282;44.7766973
Lidar Hoyuk;37.558017;38.594712
LN.1049;36.863185;42.757757
Logardan;35.528381;44.876328
Ludik Harmani;37.763523;38.95525
Mahdum;36.0998;37.86464
Makaraz Tepe;38.650284;39.447324
Marad;32.0915257;44.7848488
Marjan;36.854746;41.517479
Mashnaqa;36.290049;40.792825
Mazra'at Hadidi;36.252094;38.102669
Mengelli Höyük;37.002226;38.153768
Merejib;30.8626632;46.1571815
Meyan Hoyogu;37.586878;38.616651
Mezarlik Tepe;38.614636;39.47043
Mezraa Hoyuk;36.970374;37.995752
Muqable III;36.913114;42.73916
Nabua;36.94906;41.59487
Near Akarcay #2;36.92358;38.028094
Near Saray;37.03281;37.96752
Nevali Cori;37.586403;38.630125
Nineveh;36.359287;43.151994
Nippur;32.126552;45.230182
NJP.115;36.66103418;42.22717833
NJP.118;36.65408784;42.20928817
NJP.119;36.69010833;42.32158409
NJP.123;36.63583885;42.24344701
NJP.130;36.76451053;42.19383
NJP.136;36.62435987;42.1837368
NJP.137;36.65937767;42.13969543
NJP.138;36.64890869;42.14004966
NJP.139;36.66376667;42.1394132
NJP.143;36.70842566;42.1360218
NJP.145;36.70437666;42.09310646
NJP.146;36.68133171;42.10521058
NJP.148;36.7290391;42.15061862
NJP.153;36.77473209;42.12007182
NJP.154;36.77599587;42.13197878
NJP.158;36.76504722;42.09558806
NJP.16;36.70343401;42.36192904
NJP.160;36.7753138;42.14658936
NJP.170;36.72757139;42.08794071
NJP.171;36.72518927;42.10793805
NJP.172;36.7359077;42.11036484
NJP.174;36.73823515;42.04837917
NJP.179;36.69967408;42.06264957
NJP.181;36.6840292;42.02983448
NJP.183;36.68102349;42.04807809
NJP.19;36.72283352;42.25440834
NJP.26;36.70343401;42.36192904
NJP.32;36.78925672;42.21067644
NJP.45;36.69944695;42.38396979
NJP.46;36.68825763;42.36266814
NJP.60;36.69393269;42.31571711
NJP.62;36.68608701;42.29483165
NJP.64;36.68997003;42.26283399
NJP.69;36.66696019;42.28625826
NJP.75;36.73230431;42.21590646
NJP.76;36.73461747;42.20564332
NJP.84;36.71457519;42.2295519
NJP.89;36.71754522;42.21022971
NJP.99;36.64075999;42.17401157
Norsuntepe;38.625568;39.471996
Oylum Hoyuk;36.698636;37.179028
Pasaköy;36.368731;36.23727
Pinarbasi;38.460812;38.47028
Pirot;38.413427;38.699386
Pirot Hoyuk;38.39692746;38.66100651
Pulur;38.900753;38.855492
Qahtaniya;37.02892284;41.54825173
Qal'a Maltis;31.5308563;45.8651452
Qal'at al Mudiq;35.251149;36.233218
Qaladze;36.18607262;45.11450446
Qaleh Kohneh;31.133839;49.5825939
Qaleh Sedif;31.2179835;49.6861289
Qalinj Agha;36.176878;44.01414
Qarashina;36.122867;44.930641
QD046;31.9733357;45.473039
QD054b;31.8849003;45.5566061
QD065;31.7446088;45.7505112
QD091;31.7966544;45.7284937
QD111;31.7446088;45.7505112
QD121;31.7966544;45.7220965
QD122;31.7392821;45.7719729
QD139;31.8388478;45.7284937
Qirri;37.002649;40.789914
Qraya;34.955295;40.562645
Qubur al Harb;36.98526;41.64072
Raedau Sharqi;31.320566;45.553284
RH.077D;31.10286;49.612415
Rogheyveh A;31.551891;49.242516
Rubai Kale;37.22176376;42.34522049
Rubaiat al-Torra;32.14423;45.47186
S104;32.55423;47.269834
S61;32.593441;47.339126
S62;32.558252;47.350807
Sagarab;32.719889;47.301368
Said Mohammed;31.675272;45.860453
Said Mohammad;31.675272;45.860453
Salal Cem.;36.77832078;42.64371719
Samsat;37.522233;38.515217
Saskan Buyuktepe;37.486591;38.478021
Savka Tepe;38.620045;39.437632
Seh Gabi;34.56931;48.093488
Seki Mevkii;38.551655;38.345346
Semsiye tepe;38.571679;38.367813
Sepet Harabesi;37.488008;38.611709
Shadi Tepe;36.897804;38.013426
Shair;37.052753;41.437273
Shams ed-Din Tannira;36.14556;38.102736
Sharmouk;36.531266;41.23567
Shavi Hoyuk;36.925267;38.010534
Shcutha;32.5876048;44.882558
Sheikh Hassan;36.202238;38.114322
Shelgiya;37.02423;42.380296
Shelkiya Cem.;37.02480766;42.38014481
Shemshara;36.200709;44.938253
Sheraga Höyük;36.919883;38.001892
Sheraga Hoyuk;36.919883;38.001892
Shibaniyeh;36.575189;41.212602
Shiukh Tahtani;36.754186;38.083981
Sippar;33.059344;44.254524
site 39;37.460912;38.480282
Siyana Ulya;36.807752;42.532629
Smihan Sharqi;36.700595;41.13185
SS.25;36.278338;38.18267038
Sufiyah;36.915;41.54278
Suleymanbey Harabesi;37.599942;38.616705
Sultal el Tellul;36.699456;41.609694
Sultan el Tellul;36.699456;41.609694
Surezha;35.998593;43.885211
Surtepe Höyük;37.054823;37.948682
Surtepe Hoyuk;37.054823;37.948682
Susa;32.189773;48.252052
T. Gray Lud;36.81968002;42.70951679
T50/12;37.630546;38.350161
Tal i-Ghazir;31.3587281;49.4181885
Tal i-Iblis;29.778089;56.894805
Tal e-Abbas;31.3094858;49.5591261
Tal-e Abbas;31.3094858;49.5591261
Tal-e Subiti;31.267161;49.432803
Tall al-Shaykh 'Ali;33.5528;36.48129
Tall Ayu;35.025085;36.735368
Tall Hajji Badr;36.97841;41.22767
Tal i-Malyan;30.04001;52.243841
Tall i-Malyan;30.04001;52.243841
Tall e-Gapo Cham;31.1067368;49.6097076
Tall-e Gapo Cham;31.1067368;49.6097076
Tappeh Mehr Ali;30.669312;52.163193
Tartab 3;37.03541;41.142296
Tarzi;36.919973;40.803615
Taskun Mevkii;38.855627;38.957678
Tatar Hoyuk;37.393615;38.623582
Tatarhoyuk;38.633286;38.633286
TBS.19;36.67923614;40.64334939
TBS.24;36.75063933;40.60283632
TBS.25;36.75229415;40.63679459
TBS.29;36.76588839;40.60755486
TBS.3;36.69428242;40.57860522
TBS.30;36.7640699;40.61220316
TBS.32;36.78132706;40.62990359
TBS.34;36.78841427;40.64306095
TBS.35;36.80010979;40.64630874
TBS.37;36.82285267;40.65869184
TBS.38;36.82657454;40.65730129
TBS.4;36.71033414;40.59730575
TBS.41;36.80450996;40.60312836
TBS.43;36.77488404;40.5591887
TBS.48;36.79758732;40.52211391
TBS.50;36.7865831;40.50658017
TBS.53;36.82955929;40.51583817
TBS.54;36.84371009;40.53859707
TBS.59;36.68319163;40.6077783
TBS.63;36.76586323;40.49097392
TBS.64;36.75888958;40.47823157
TBS.65;36.7687016;40.4635373
TBS.73;36.71860314;40.44867665
TBS.74;36.81501238;40.48004388
TBS.76;36.69297876;40.66468907
TBS.8;36.69585671;40.60636658
TBS.9;36.72868409;40.62500574
Tell 'Alu;36.93834;41.78651
Tell 'Ayn;36.151234;37.105168
Tell 'Azaz;36.350963;37.024079
Tell 'Imar;36.308709;36.444481
Tell Aalouq Charqi;36.859069;40.140761
Tell Aarade;37.003466;40.402267
Tell Aazaz;36.586007;37.044664
Tell Abu Awad;32.4240848;44.916099
Tell Abu Danne;36.178889;37.451612
Tell Abu Dhahir;36.837031;42.493505
Tell Abu Dibis;32.8990224;45.3067691
Tell Abu Hafur;36.362572;40.394031
Tell Abu Hajira;36.767311;42.209161
Tell Abu Huraybah;32.766523;44.7064088
Tell Abu Kubeir;33.3302655;44.9455258
Tell Abu Maria;36.429586;42.597602
Tell Abu Qubur al-Saghir;33.2869408;44.6530841
Tell Abu Simsim;32.5753962;45.0187658
Tell Abu Tibbin;33.6553293;45.0434268
Tell Abu Zumal;31.4880057;45.85623
Tell Afis;35.905;36.798753
Tell Agrab;33.3390436;44.8742593
Tell Ahmar;36.67443;38.120951
Tell Ahmar South;36.96192;41.06463
Tell al-Arsan;32.3068831;45.3376006
Tell al-Dhubay'ah;31.9279053;45.4599338
Tell al-Dur;36.738743;42.233012
Tell al-Faris;36.74317;41.06297
Tell al-Halfayah;33.5946264;44.5118728
Tell al-Hawa;36.747928;42.301115
Tell al-Hayyad;32.0429296;45.706712
Tell al-Hilwa;36.70995;42.241772
Tell al-Rashshad;33.2547638;44.5781597
Tell al-Rasm;36.27412;36.26102
Tell al-Rishyd;32.7490201;44.7684241
Tell al-Sabkha;35.091997;37.06941
Tell al-Sara;36.692164;40.955509
Tell al-Ubaid;30.9722063;46.0304994
Tell al-Ward;36.798675;40.344512
Amarna;36.74532;38.013713
Tell Amarna Cemetery;36.444315;38.04937
Tell an-Nis;36.122882;41.524987
Tell Anab as-Safinah;36.232282;38.138518
Tell Arbid;36.872303;41.021072
Tell as-Saibakh;36.65894;41.08799
Tell Ashnane Charqi;36.676153;40.393455
Tell Asmar;33.4853439;44.7282755
Tell Avguir Faouqani;36.781689;40.826442
Tell Baharir Kebir;36.775909;40.278575
Tell Banat;36.4369358;38.2825067
Tell Baqar;36.998784;40.737589
Tell Baqrta;35.951959;43.909935
Tell Barabaira1;36.558819;38.91728
Tell Barabra East;36.558819;38.91728
Tell Barghasha;31.8721834;45.5716741
Tell Barri;36.738928;41.127012
Tell Begum;35.297976;45.884092
Tell Berne;36.0333;37.006918
Tell Beydar;36.737994;40.587119
Tell Bi'a;35.9575;39.0475
Tell Bismar;31.8364726;45.4674483
Tell Bleibis;35.915957;38.760547
Tell Botnan;36.395337;37.539159
Tell Botnan;36.395337;37.539159
Tell Brak;36.667327;41.057934
Tell Chil Virane;36.942332;40.973353
Tell Dabach;36.9363;40.45865
Tell Dadikh;35.802845;36.736382
Tell Dalmaj;32.2300283;45.4850102
Tell Dibak;36.889077;40.611443
Tell Dlehim;31.9985219;45.4108987
Tell Dowayhis;45.5102924;32.0614138
Tell ech Chour Rharbi;36.845295;40.457241
Tell Echem;45.5971223;31.98954
Tell Ed-Dem;36.070136;44.960688
Tell Effendi;36.777295;40.698231
Tell el-'Abr;36.682785;38.079796
Tell Es-Sweyhat;36.16267;38.151403
Tell Fafine;36.205498;37.143428
Tell Fakhar;36.791532;41.964382
Tell Farho;36.784059;40.929942
Tell Fatme;36.767939;40.776944
Tell Feres al-Sharqi;36.443106;41.040591
Tell Feres;36.443106;41.040591
Tell Fiesal al-Mish'an 2;36.790194;42.239722
Tell Fleti N;36.281424;40.785703
Tell Fuhhar/Humeita;35.764095;39.698234
Tell Fuhhar;35.764095;39.698234
Tell Ghazal;36.822368;40.658621
Tell Ghazal Fouqani;36.78599;40.506684
Tell Guir Zil Kbir;36.82839;41.11467
Tell Gurgishah;33.7830478;44.8061089
Tell Hadidi;36.263683;38.150893
Tell Hadjar;36.730772;42.448832
Tell Hailane;36.17301;37.121591
Tell Hajib;36.59365;39.55978
Tell Halawa;33.4261194;44.4871689
Tell Halawa B;36.1186;38.092399
Tell Hamayama;32.1827169;45.5362107
Tell Hamoukar;36.812763;41.955971
Tell Hanoua;36.85048;40.63459
Tell Hassan;34.283856;44.998847
Tell Hassek;36.77286;40.56125
Tell Helawa;35.999327;43.788467
Tell Helib;33.5213501;44.4999461
Tell Hermel;36.90936;40.36192
Tell Imriyah;32.813551;44.5919109
Tell Imsefna;36.79329692;42.66132582
Tell Izhan;35.942297;36.486692
Tell Jamil;36.683067;40.606444
Tell Jamous;36.79638;40.19055
Tell Jerablus Tahtani;36.790106;38.021156
Tell Jhach;36.906353;40.788659
Tell Jid;31.5231457;45.742981
Tell Jidr;31.8183154;45.71448
Tell Jijane;36.412661;37.341299
Tell Judaidah;36.267497;36.5866
Tell Judeideh;36.16299;36.351176
Tell Kaffine;36.416417;37.04682
Tell Kazna;36.104693;43.792156
Tell Kahzna;36.104693;43.792156
Tell Khazna;36.104693;43.792156
Tell Kamuna;36.78104809;42.7413097
Tell Karmine;36.472008;37.060347
Tell Karrana;36.43;42.55
Tell Kashkashok;36.636863;40.641436
Tell Kassiha;36.4667;37.15
Tell Kdich;37.033094;40.621129
Tell Keçebey;36.286167;36.30706
Tell Kerkh;35.492993;36.275753
Tell Kerma;36.265313;40.501408
Tell Khathale;31.8435596;45.1648733
Tell Khatoun;36.780966;40.629784
Tell Khfay;32.5358271;44.9046198
Tell Khibi;36.427985;37.004827
Tell Khorsadah;31.0177212;45.7801252
Tell Kiber 2;36.660862;42.226508
Tell Kosak Samali;36.332783;38.164718
Tell Kurdu;36.329502;36.445535
Tell Leilan;36.95853;41.506266
Tell Maled;36.44547;37.228729
Tell Mana'a;36.681603;42.144033
Tell Mardikh;35.798882;36.798308
Tell Matin;36.48894;40.323898
Tell Meksour;36.25;37.45
Tell Midar Ihmud;33.2801671;44.5941959
Tell Midr Da'ud;33.2615498;44.6139266
Tell Mismar;31.45968;45.51882
Tell Mısri;36.326851;36.326851
Tell Mohammed Arab;36.634561;42.889868
Tell Mozan;37.057708;40.996403
Tell Mulla Matar;36.450344;40.832972
Tell Mumbaqat;36.130284;38.074713
Tell Mureybet;36.04814;38.053151
Tell Mureybet Ferry;36.0645841;38.0936238
Tell Na’ur;36.75105;41.917969
Tell Nader;36.173148;44.07549
Tell Nebi Mend;34.555572;36.51879
Tell Nourek;36.68308;40.887391
Tell Qadahiye;36.602403;38.230052
Tell Qaramel;36.377752;37.275072
Tell Qarqur;35.742034;36.330521
Tell Qattinu;37.02033;40.696899
Tell Qubasin;36.43312;37.57267
Tell Qumluq;36.701725;38.087473
Tell Qushla;36.771705;41.135301
Tell Rahhal;36.343556;37.387706
Tell Ramadi;34.647871;40.87625
Tell Rashid;36.76893;40.604902
Tell Rashied;36.764974;42.095052
Tell Rhazal Tahtani;36.76583;40.491355
Tell Rifa'i al-'Ubaid;31.0123524;45.9521836
Tell Rijim;36.711246;42.791842
Tell Rubahiyat al-Torra;32.1455052;45.4642658
Tell Rubeideh;34.11;44.59
Tell Rumah;31.8376971;45.5016973
Tell Sara;36.69223;40.955513
Tell Sha'ir;36.90242;38.30212
Tell Shaykh Nims;36.786058;41.139785
Tell Sheik Homsy;36.800842;42.583467
Tell Sheikh Hamad;35.383684;40.442512
Tell Shiukh Fawqani;36.787551;38.035968
Tell Shmid;31.7472944;45.8317125
Tell Sourane;36.566434;37.210782
Tell Soussiane;36.43348;37.44129
Tell Sukas;35.306318;35.922203
Tell Ta'yinat;36.248585;36.375734
Tell Talab;36.746243;42.200789
Tell Tcholama Tahtani;36.823392;40.785444
Tell Tukal;36.416156;38.671485
Tell Tuwayyil;36.86724;41.57534
Tell Umm Qseir;36.243238;40.505866
Tell Uqair;32.7816447;44.6643158
Tell Warada;36.691983;42.34464
Tell Ziyade;36.243985;40.503909
Tell Zuweikat;36.711712;41.029891
Tenel Ramon;32.62153;47.187873
Tepe Alvan;32.113172;48.452252
Tepe Badyamar Rabat;36.12;45.32
Tepe Baghi;36.176879;45.513173
Tepe Bayamun;31.342909;49.506996
Tepe Beilou;35.447691;46.176544
Tepe Chakali;32.657086;47.271113
Tepe Chakhmagh Avi;35.459132;46.224646
Tepe Deh Now;32.068413;48.568049
Tepe Farukhabad;32.587327;47.224095
Tepe Galeh Bongoon;32.242936;48.402085
Tepe Garmasi;32.698056;47.187588
Tepe Gawra;36.495824;43.260433
Tepe Gabrestan;35.823166;49.975034
Tepe Gheshlagh;35.71916621;47.8777948
Tepe Giyan;34.160722;48.226642
Tepe Goman;36.365873;45.424734
Tepe Gryashan;35.294598;47.02411
Tepe Han Alyas;35.455818;46.205434
Tepe Han Alyas;35.455818;46.205434
Tepe Hasera Gawra;35.515048;46.215912
Tepe Hissar;36.154501;54.385235
Tepe Hissar;36.154501;54.385235
Tell Imam Atuyi;32.298343;48.123739
Tepe Jardari;32.227118;48.326501
Tepe Jelise;32.414892;47.580949
Tepe Kal;35.464772;45.473032
Tepe Keihf;32.041292;48.275403
Tepe Lavin;36.689442;45.196121
Tepe Mir Vais;35.460019;46.226114
Tepe Mohammed Agha;32.304251;48.264339
Tepe Molla Yousef;36.121093;45.576563
Tepe Moravache;31.269615;49.438861
Tepe Rahimeh;32.19138;48.457795
Tepe Rasha;35.529161;46.200276
Tepe Sadarabad;32.01272;48.79806
Tepe Sagzabad;35.842403;49.952776
Tepe Saiyeh;32.36884;48.241322
Tepe Sanjar;32.143707;48.52418
Tepe Sayed Nabih;32.05173;48.41052
Tepe Senjar;32.364439;48.20073
Tepe Sharafabad;32.285569;48.36564
Tepe Sialk;33.968506;51.404617
Tepe Sofalin;35.316111;51.735
Tepe Suleiman;32.239295;48.235716
Tepe Twaim;32.175763;48.50893
Tepe Vassa;35.668277;46.082312
Tepe Waliv;36.28499;45.490923
Tepe Yahya;28.3309;56.867423
Tepecik;38.6439397;39.4334973
Teppe Bowla;32.665439;47.253786
THS.18;36.844893;42.004372
THS.2;36.818408;41.95699
THS.21;36.832267;42.007275
THS.22;36.81255;42.005516
THS.30;36.781731;41.977974
THS.31;36.784663;41.981784
THS.33;36.765154;42.003261
THS.36;36.776248;41.95864
THS.38;36.758064;41.978469
THS.46;36.791332;41.912711
Tiladir Tepe;36.865311;38.037355
Tilbes Höyük;37.08602;37.869373
Tilbeshar;36.872777;37.559311
Tille Höyük;37.752056;38.892388
Tille Hoyuk;37.752056;38.892388
Tol e-Nurabad;30.12201;51.520724
Tol e-Sopid;30.252087;51.484392
Toprakkale;37.785631;38.954626
Torcik Mevkii;37.573127;38.603924
Torctepe;37.509466;38.573279
Tousana;36.98867132;42.491573
TS.30;37.528454;38.659565
TS30;37.528454;38.659565
TS9;37.475928;38.715039
Tulintepe;38.634579;39.418028
Tulul Abu Jawan;33.1342505;44.8068137
Tulul Abu Yiwalik;33.4082601;45.0730564
Tullul Dhiba'i (B);33.5001795;44.9823487
Tulul Dhiba'i (B);33.5001795;44.9823487
Tulul Midr Salmah;33.2282672;44.6633906
Tulul Rughath;33.3882599;44.8673225
UC.009;31.7933875;45.5878198
UC.012;31.7787514;45.6150676
UC.018;31.7819718;45.7178146
UC.022;31.7481912;45.5218717
UC.023;31.7601375;45.5613327
UC.024;31.751815;45.5567085
UC.028;31.76173;45.61079
UC.034;31.779641;45.8549599
UC.042;31.7360299;45.5162077
UC.044;31.7228296;45.5329084
UC.047;31.723976;45.670592
UC.048;31.7353054;45.6921552
UC.051;31.6990263;45.6938459
UC.060;31.6631381;45.5028479
UC.071;31.6394708;45.5721255
UC.076;31.6850511;45.6271136
UC.077;31.6869;45.63019
UC.083;31.6882422;45.6652604
UC.086;31.6579999;45.7389628
UC.087;31.6588946;45.6462755
UC.095;31.6201348;45.4979847
UC.103;31.581831;45.567733
UC.106;31.6150366;45.606068
UC.107;31.6315869;45.6149323
UC.108;31.6302432;45.6241259
UC.109;31.6256752;45.6296443
UC.112;31.6073742;45.645236
UC.114;31.5921493;45.640942
UC.115;31.6111227;45.6675836
UC.118;31.5776598;45.6643125
UC.119;31.5856358;45.6725187
UC.120;31.603469;45.6947038
UC.123;31.6059618;45.7248869
UC.124;31.5955458;45.6897373
UC.125;31.5980469;45.697752
UC.126;31.5848058;45.6892408
UC.127;31.5870935;45.7047289
UC.128;31.5829276;45.6999989
UC.129;31.5836017;45.7273267
UC.133;31.5552346;45.5598172
UC.137;31.5330792;45.5609379
UC.139;31.5209157;45.5580091
UC.144;31.5374022;45.5802669
UC.152;31.5655527;45.6808359
UC.153;31.5685266;45.697147
UC.155;31.54829;45.6572
UC.160;31.523832;45.6861412
UC.161;31.506597;45.696483
UC.162;31.5147583;45.7235665
UC.163;31.5084626;45.7331502
UC.166;31.7311475;45.7465265
UC.167;31.7286768;45.7472334
UC.171;31.7445706;45.9006276
UC.173;31.6904408;45.7641257
UC.174;31.69047;45.78464
UC.178;31.6709534;45.776497
UC.179;31.661047;45.781094
UC.181;31.6338365;45.7483537
UC.185;31.6285066;45.7981875
UC.187;31.6215918;45.7951736
UC.191;31.6103725;45.7903466
UC.193;31.6045173;45.8021903
UC.201;31.5958263;45.7550748
UC.203;31.5759782;45.7547579
UC.209;31.5725093;45.8745484
UC.215;31.5639754;45.7650583
UC.218;31.5288841;45.7555481
UC.219;31.5075708;45.7613821
UC.236;31.5180667;45.9071046
UC.237;31.5228282;45.937821
UC.242;31.4736015;45.5861308
UC.256;31.46788;45.664797
UC.262;31.4581593;45.7073407
UC.264;31.4555743;45.7250253
UC.272;31.4510069;45.612109
UC.274;31.4427224;45.6281812
UC.276;31.4426098;45.6361152
UC.282;31.4161422;45.6291496
UC.285;31.4024403;45.6435443
UC.286;31.3972354;45.6486973
UC.292;31.405522;45.6783189
UC.293;31.4080187;45.6871036
UC.297;31.4212694;45.747348
UC.309;31.386911;45.6993595
UC.310;31.3903422;45.7005662
UC.314;31.3637656;45.6908747
UC.317;31.3787333;45.7250391
UC.318;31.3743927;45.7240883
UC.325;31.3555557;45.6581857
UC.329;31.3305833;45.6210688
HOC.329;31.3305833;45.6210688
UC.330;31.3375189;45.6620716
UC.331;31.3417655;45.6731254
UC.334;31.3556512;45.7045676
UC.338;31.3178481;45.6191268
UC.350;31.2811621;45.6469305
UC.370;31.4924;45.94017
UC.373;31.4401459;45.7567291
UC.376;31.463859;45.839827
UC.380;31.447685;45.914882
UC.386;31.4170638;45.7578744
UC.387;31.4090687;45.7641759
UC.402;31.40654;45.93424
UC.406;31.3596451;45.7529873
UC.407;31.3554231;45.7524514
UC.409;31.356041;45.789023
UC.410;31.3376343;45.7568233
UC.417;31.3196364;45.8087118
UC.418;31.3415399;45.817543
UC.453;31.3134344;46.0247352
UC.460;31.2426518;45.8857455
Ugarit;35.602121;35.785574
Umm 'Adham;36.817281;41.652128
Umm al-Ajjaj;31.5494196;45.8744456
Umm al-Aqarib;31.6202932;45.9357713
Umm al-Fugas;32.02658;45.361387
Umm al-Jir;32.6485451;44.851739
Umma/Jokha;31.66743;45.887676
Ur;30.961805;46.10512
UR.007;30.9223168;45.9779629
UR.033;30.9822921;45.7830748
UR.036;30.9882712;45.7432853
UR.171;30.787316;46.3278163
UR.308;30.9192484;45.9800285
UR.309;30.9214161;45.9828884
UR.310;30.9249414;45.9743443
Uruk;31.322626;45.63961
Uwayla;36.700791;41.101548
Yarim Tepe;38.635696;39.458829
Yel Baba;36.602352;37.174888
Yerlesme 6;37.483533;38.416982
Yorgan Tepe;35.369561;44.254878
Zabalam;31.7439224;45.8754568
Zeytin Bahceli Höyük;36.995725;37.977688
Zreyjiye-south;36.07678;38.05501
Zurghul;31.377626;46.494315
Shakhi Kora;34.516075;45.264155
Shakar Tepe;35.266851;45.845165
Tulul al-Baqarat;32.331382;45.733455
Jemdet Zabi;32.331155;45.052419
Mewe Cave;36.334174;44.855557
Gird-i Shamlu;35.28707;45.874195
Araban;36.107164;44.941014
Tell Hadji Ibrahim;36.268322;38.256299